~id,~from,~to,~label,cpu_limit:String,criticality:String,error_rate:Double,latency_p95:Double,memory_limit:String,protocol:String,replicas:Int,rps:Double,type:String,weight:Double
e-srv-api-gateway-CALLS-srv-auth-service-1,srv-api-gateway,srv-auth-service,CALLS,,,0.001,18.2,,gRPC,,1200.0,,0.35
e-srv-api-gateway-CALLS-srv-user-service-2,srv-api-gateway,srv-user-service,CALLS,,,0.003,35.0,,HTTP/2,,850.0,,0.25
e-srv-api-gateway-CALLS-srv-order-service-3,srv-api-gateway,srv-order-service,CALLS,,,0.145,850.0,,gRPC,,920.0,,0.2
e-srv-api-gateway-CALLS-srv-search-service-4,srv-api-gateway,srv-search-service,CALLS,,,0.006,55.0,,HTTP/2,,1100.0,,0.12
e-srv-api-gateway-CALLS-srv-recommendation-service-5,srv-api-gateway,srv-recommendation-service,CALLS,,,0.008,85.0,,HTTP/2,,750.0,,0.08
e-srv-order-service-CALLS-srv-payment-service-6,srv-order-service,srv-payment-service,CALLS,,,0.38,2450.0,,gRPC,,410.0,,0.45
e-srv-order-service-CALLS-srv-inventory-service-7,srv-order-service,srv-inventory-service,CALLS,,,0.095,390.0,,gRPC,,600.0,,0.3
e-srv-order-service-CALLS-srv-shipping-service-8,srv-order-service,srv-shipping-service,CALLS,,,0.005,48.0,,HTTP/2,,220.0,,0.15
e-srv-order-service-CALLS-srv-notification-service-9,srv-order-service,srv-notification-service,CALLS,,,0.002,22.0,,AMQP,,480.0,,0.1
e-srv-payment-service-CALLS-srv-billing-service-10,srv-payment-service,srv-billing-service,CALLS,,,0.004,62.0,,gRPC,,180.0,,0.5
e-srv-payment-service-CALLS-srv-notification-service-11,srv-payment-service,srv-notification-service,CALLS,,,0.001,22.0,,AMQP,,180.0,,0.5
e-srv-search-service-CALLS-srv-inventory-service-12,srv-search-service,srv-inventory-service,CALLS,,,0.04,390.0,,HTTP/2,,500.0,,0.6
e-srv-recommendation-service-CALLS-srv-user-service-13,srv-recommendation-service,srv-user-service,CALLS,,,0.003,35.0,,HTTP/2,,300.0,,0.4
e-srv-analytics-service-CALLS-srv-order-service-14,srv-analytics-service,srv-order-service,CALLS,,,0.001,15.0,,Kafka,,100.0,,0.1
e-srv-analytics-service-CALLS-srv-payment-service-15,srv-analytics-service,srv-payment-service,CALLS,,,0.001,15.0,,Kafka,,80.0,,0.1
e-srv-order-service-DEPENDS_ON-srv-payment-service-16,srv-order-service,srv-payment-service,DEPENDS_ON,,high,,,,,,,hard,
e-srv-order-service-DEPENDS_ON-srv-inventory-service-17,srv-order-service,srv-inventory-service,DEPENDS_ON,,high,,,,,,,hard,
e-srv-order-service-DEPENDS_ON-srv-shipping-service-18,srv-order-service,srv-shipping-service,DEPENDS_ON,,medium,,,,,,,soft,
e-srv-order-service-DEPENDS_ON-srv-notification-service-19,srv-order-service,srv-notification-service,DEPENDS_ON,,low,,,,,,,soft,
e-srv-api-gateway-DEPENDS_ON-srv-auth-service-20,srv-api-gateway,srv-auth-service,DEPENDS_ON,,critical,,,,,,,hard,
e-srv-api-gateway-DEPENDS_ON-srv-order-service-21,srv-api-gateway,srv-order-service,DEPENDS_ON,,high,,,,,,,hard,
e-srv-payment-service-DEPENDS_ON-srv-billing-service-22,srv-payment-service,srv-billing-service,DEPENDS_ON,,high,,,,,,,hard,
e-srv-api-gateway-RUNS_ON-host-k8s-node-01-23,srv-api-gateway,host-k8s-node-01,RUNS_ON,2000m,,,,2Gi,,4,,,
e-srv-auth-service-RUNS_ON-host-k8s-node-01-24,srv-auth-service,host-k8s-node-01,RUNS_ON,1000m,,,,1Gi,,3,,,
e-srv-user-service-RUNS_ON-host-k8s-node-01-25,srv-user-service,host-k8s-node-01,RUNS_ON,1000m,,,,1Gi,,3,,,
e-srv-order-service-RUNS_ON-host-k8s-node-02-26,srv-order-service,host-k8s-node-02,RUNS_ON,2000m,,,,4Gi,,4,,,
e-srv-shipping-service-RUNS_ON-host-k8s-node-02-27,srv-shipping-service,host-k8s-node-02,RUNS_ON,1000m,,,,1Gi,,2,,,
e-srv-notification-service-RUNS_ON-host-k8s-node-02-28,srv-notification-service,host-k8s-node-02,RUNS_ON,500m,,,,512Mi,,2,,,
e-srv-recommendation-service-RUNS_ON-host-k8s-node-02-29,srv-recommendation-service,host-k8s-node-02,RUNS_ON,2000m,,,,4Gi,,2,,,
e-srv-payment-service-RUNS_ON-host-k8s-node-03-30,srv-payment-service,host-k8s-node-03,RUNS_ON,4000m,,,,4Gi,,3,,,
e-srv-inventory-service-RUNS_ON-host-k8s-node-03-31,srv-inventory-service,host-k8s-node-03,RUNS_ON,2000m,,,,2Gi,,3,,,
e-srv-billing-service-RUNS_ON-host-k8s-node-03-32,srv-billing-service,host-k8s-node-03,RUNS_ON,2000m,,,,2Gi,,2,,,
e-srv-search-service-RUNS_ON-host-k8s-node-03-33,srv-search-service,host-k8s-node-03,RUNS_ON,2000m,,,,4Gi,,3,,,
e-srv-analytics-service-RUNS_ON-host-k8s-node-03-34,srv-analytics-service,host-k8s-node-03,RUNS_ON,2000m,,,,4Gi,,2,,,
e-srv-payment-service-HAS_ANOMALY-anom-payment-conn-pool-exhausted-35,srv-payment-service,anom-payment-conn-pool-exhausted,HAS_ANOMALY,,,,,,,,,,
e-srv-payment-service-HAS_ANOMALY-anom-payment-latency-spike-36,srv-payment-service,anom-payment-latency-spike,HAS_ANOMALY,,,,,,,,,,
e-srv-order-service-HAS_ANOMALY-anom-order-downstream-timeout-37,srv-order-service,anom-order-downstream-timeout,HAS_ANOMALY,,,,,,,,,,
e-srv-inventory-service-HAS_ANOMALY-anom-inventory-lock-wait-38,srv-inventory-service,anom-inventory-lock-wait,HAS_ANOMALY,,,,,,,,,,
e-srv-api-gateway-HAS_ANOMALY-anom-gateway-504-spike-39,srv-api-gateway,anom-gateway-504-spike,HAS_ANOMALY,,,,,,,,,,
e-inc-2026-0922-001-ROOT_CAUSE-srv-payment-service-40,inc-2026-0922-001,srv-payment-service,ROOT_CAUSE,,,,,,,,,,
e-inc-2026-0922-001-IMPACTS-srv-order-service-41,inc-2026-0922-001,srv-order-service,IMPACTS,,,,,,,,,,
e-inc-2026-0922-001-IMPACTS-srv-api-gateway-42,inc-2026-0922-001,srv-api-gateway,IMPACTS,,,,,,,,,,
e-inc-2026-0922-001-IMPACTS-srv-inventory-service-43,inc-2026-0922-001,srv-inventory-service,IMPACTS,,,,,,,,,,
